screen_id,name,module,recipe,mapping_status,source_paths
"FOS-GLOBAL-001","Splash","global","P01","PROPOSED_CONTRACT_REVIEW_REQUIRED","app/src/main/java/com/farmos/app/FarmOsSplashScreen.kt"
"FOS-GLOBAL-002","Login","global","P01","PROPOSED_CONTRACT_REVIEW_REQUIRED","app/src/main/java/com/farmos/app/FoundationAuthScreen.kt"
"FOS-GLOBAL-003","Create account","global","P01","PROPOSED_CONTRACT_REVIEW_REQUIRED",""
"FOS-GLOBAL-004","Password recovery","global","P01","PROPOSED_CONTRACT_REVIEW_REQUIRED",""
"FOS-GLOBAL-005","Farm membership selector","global","P13","PROPOSED_CONTRACT_REVIEW_REQUIRED","app/src/main/java/com/farmos/app/FoundationAuthScreen.kt"
"FOS-GLOBAL-006","Create farm wizard","global","P01","PROPOSED_CONTRACT_REVIEW_REQUIRED","app/src/main/java/com/farmos/app/FoundationAuthScreen.kt"
"FOS-GLOBAL-007","Join invited farm","global","P01","PROPOSED_CONTRACT_REVIEW_REQUIRED",""
"FOS-GLOBAL-008","First-run species setup","global","P01","PROPOSED_CONTRACT_REVIEW_REQUIRED",""
"FOS-GLOBAL-009","Role and permissions explanation","global","P11","PROPOSED_CONTRACT_REVIEW_REQUIRED",""
"FOS-GLOBAL-010","Notification permission","global","P11","PROPOSED_CONTRACT_REVIEW_REQUIRED",""
"FOS-GLOBAL-011","Camera permission","global","P11","PROPOSED_CONTRACT_REVIEW_REQUIRED",""
"FOS-GLOBAL-012","Bluetooth permission","global","P11","PROPOSED_CONTRACT_REVIEW_REQUIRED",""
"FOS-GLOBAL-013","Location permission","global","P11","PROPOSED_CONTRACT_REVIEW_REQUIRED",""
"FOS-GLOBAL-014","Offline-first introduction","global","P01","PROPOSED_CONTRACT_REVIEW_REQUIRED",""
"FOS-GLOBAL-015","Terms and privacy","global","P11","PROPOSED_CONTRACT_REVIEW_REQUIRED",""
"FOS-GLOBAL-016","Session expired","global","P15","PROPOSED_CONTRACT_REVIEW_REQUIRED",""
"FOS-GLOBAL-017","Farm access revoked","global","P15","PROPOSED_CONTRACT_REVIEW_REQUIRED",""
"FOS-GLOBAL-018","Backend unavailable","global","P15","PROPOSED_CONTRACT_REVIEW_REQUIRED","app/src/main/java/com/farmos/app/FoundationAuthScreen.kt"
"FOS-GLOBAL-019","Account profile","global","P06","PROPOSED_CONTRACT_REVIEW_REQUIRED",""
"FOS-GLOBAL-020","Sign-out confirmation","global","P12","PROPOSED_CONTRACT_REVIEW_REQUIRED",""
"FOS-HOME-001","Farm Home","home","P02","PROPOSED_CONTRACT_REVIEW_REQUIRED","app/src/main/java/com/farmos/app/FarmHomeScreen.kt"
"FOS-HOME-002","Species Navigator","home","P05","PROPOSED_CONTRACT_REVIEW_REQUIRED","app/src/main/java/com/farmos/app/SpeciesNavigatorScreen.kt"
"FOS-HOME-003","Today Summary","home","P05","PROPOSED_CONTRACT_REVIEW_REQUIRED",""
"FOS-HOME-004","Farm Alerts Centre","home","P12","PROPOSED_CONTRACT_REVIEW_REQUIRED",""
"FOS-HOME-005","Farm Activity Stream","home","P09","PROPOSED_CONTRACT_REVIEW_REQUIRED",""
"FOS-HOME-006","Global Search","home","P13","PROPOSED_CONTRACT_REVIEW_REQUIRED",""
"FOS-HOME-007","Search Results","home","P13","PROPOSED_CONTRACT_REVIEW_REQUIRED",""
"FOS-HOME-008","Quick Capture Launcher","home","P05","PROPOSED_CONTRACT_REVIEW_REQUIRED",""
"FOS-HOME-009","Sync Status Centre entry","home","P15","PROPOSED_CONTRACT_REVIEW_REQUIRED",""
"FOS-HOME-010","Farm Switcher","home","P13","PROPOSED_CONTRACT_REVIEW_REQUIRED",""
"FOS-HOME-011","Notification Centre","home","P05","PROPOSED_CONTRACT_REVIEW_REQUIRED",""
"FOS-HOME-012","Role-tailored Home","home","P04","PROPOSED_CONTRACT_REVIEW_REQUIRED","app/src/main/java/com/farmos/app/RoleDashboardScreens.kt"
"FOS-HOME-012-A","Owner Dashboard","home","P02","PROPOSED_CONTRACT_REVIEW_REQUIRED","app/src/main/java/com/farmos/app/RoleDashboardScreens.kt"
"FOS-HOME-012-B","Farm Manager Dashboard","home","P02","PROPOSED_CONTRACT_REVIEW_REQUIRED","app/src/main/java/com/farmos/app/RoleDashboardScreens.kt"
"FOS-HOME-012-C","Supervisor Dashboard","home","P04","PROPOSED_CONTRACT_REVIEW_REQUIRED","app/src/main/java/com/farmos/app/RoleDashboardScreens.kt"
"FOS-HOME-012-D","Worker My Day Dashboard","home","P03","PROPOSED_CONTRACT_REVIEW_REQUIRED","app/src/main/java/com/farmos/app/RoleDashboardScreens.kt"
"FOS-HOME-012-E","Breeding Manager Dashboard","home","P04","PROPOSED_CONTRACT_REVIEW_REQUIRED","app/src/main/java/com/farmos/app/RoleDashboardScreens.kt"
"FOS-HOME-012-F","Vet Health Dashboard","home","P04","PROPOSED_CONTRACT_REVIEW_REQUIRED","app/src/main/java/com/farmos/app/RoleDashboardScreens.kt"
"FOS-HOME-012-G","Finance Dashboard","home","P04","PROPOSED_CONTRACT_REVIEW_REQUIRED","app/src/main/java/com/farmos/app/RoleDashboardScreens.kt"
"FOS-HOME-012-H","Buyer Read-only Dashboard","home","P05","PROPOSED_CONTRACT_REVIEW_REQUIRED","app/src/main/java/com/farmos/app/RoleDashboardScreens.kt"
"FOS-GOAT-001","Goat Dashboard","goat","P04","PROPOSED_CONTRACT_REVIEW_REQUIRED","feature/goat/src/main/kotlin/com/farmos/feature/goat/GoatVerticalSliceScreen.kt | feature/goat/src/main/kotlin/com/farmos/feature/goat/GoatExperienceScreen.kt"
"FOS-GOAT-002","Herd List","goat","P05","PROPOSED_CONTRACT_REVIEW_REQUIRED","feature/goat/src/main/kotlin/com/farmos/feature/goat/GoatVerticalSliceScreen.kt | feature/goat/src/main/kotlin/com/farmos/feature/goat/GoatExperienceScreen.kt"
"FOS-GOAT-003","Goat Profile","goat","P06","PROPOSED_CONTRACT_REVIEW_REQUIRED","feature/goat/src/main/kotlin/com/farmos/feature/goat/GoatVerticalSliceScreen.kt | feature/goat/src/main/kotlin/com/farmos/feature/goat/GoatExperienceScreen.kt"
"FOS-GOAT-004","Register Goat","goat","P07","PROPOSED_CONTRACT_REVIEW_REQUIRED","feature/goat/src/main/kotlin/com/farmos/feature/goat/GoatVerticalSliceScreen.kt | feature/goat/src/main/kotlin/com/farmos/feature/goat/GoatCaptureScreens.kt"
"FOS-GOAT-005","Edit Goat Identity","goat","P07","PROPOSED_CONTRACT_REVIEW_REQUIRED",""
"FOS-GOAT-006","Goat Search","goat","P13","PROPOSED_CONTRACT_REVIEW_REQUIRED","feature/goat/src/main/kotlin/com/farmos/feature/goat/GoatVerticalSliceScreen.kt | feature/goat/src/main/kotlin/com/farmos/feature/goat/GoatCaptureScreens.kt"
"FOS-GOAT-007","RFID or Tag Scan","goat","P13","PROPOSED_CONTRACT_REVIEW_REQUIRED",""
"FOS-GOAT-008","Goat Photo or Gallery","goat","P06","PROPOSED_CONTRACT_REVIEW_REQUIRED",""
"FOS-GOAT-009","Goat Timeline","goat","P09","PROPOSED_CONTRACT_REVIEW_REQUIRED",""
"FOS-GOAT-010","Goat Documents","goat","P11","PROPOSED_CONTRACT_REVIEW_REQUIRED",""
"FOS-GOAT-011","Weight Capture","goat","P07","PROPOSED_CONTRACT_REVIEW_REQUIRED","feature/goat/src/main/kotlin/com/farmos/feature/goat/GoatVerticalSliceScreen.kt | feature/goat/src/main/kotlin/com/farmos/feature/goat/GoatCaptureScreens.kt"
"FOS-GOAT-012","BLE Scale Pairing","goat","P13","PROPOSED_CONTRACT_REVIEW_REQUIRED",""
"FOS-GOAT-013","Growth History","goat","P09","PROPOSED_CONTRACT_REVIEW_REQUIRED",""
"FOS-GOAT-014","Growth Chart","goat","P10","PROPOSED_CONTRACT_REVIEW_REQUIRED",""
"FOS-GOAT-015","ADG Detail","goat","P10","PROPOSED_CONTRACT_REVIEW_REQUIRED",""
"FOS-GOAT-016","Body Condition Score","goat","P07","PROPOSED_CONTRACT_REVIEW_REQUIRED","feature/goat/src/main/kotlin/com/farmos/feature/goat/GoatVerticalSliceScreen.kt | feature/goat/src/main/kotlin/com/farmos/feature/goat/GoatCaptureScreens.kt"
"FOS-GOAT-017","Milk Capture","goat","P07","PROPOSED_CONTRACT_REVIEW_REQUIRED","feature/goat/src/main/kotlin/com/farmos/feature/goat/GoatVerticalSliceScreen.kt | feature/goat/src/main/kotlin/com/farmos/feature/goat/GoatCaptureScreens.kt"
"FOS-GOAT-018","Lactation Dashboard","goat","P04","PROPOSED_CONTRACT_REVIEW_REQUIRED",""
"FOS-GOAT-019","Lactation History","goat","P09","PROPOSED_CONTRACT_REVIEW_REQUIRED",""
"FOS-GOAT-020","SCC Capture","goat","P07","PROPOSED_CONTRACT_REVIEW_REQUIRED","feature/goat/src/main/kotlin/com/farmos/feature/goat/GoatVerticalSliceScreen.kt | feature/goat/src/main/kotlin/com/farmos/feature/goat/GoatCaptureScreens.kt"
"FOS-GOAT-021","SCC History","goat","P09","PROPOSED_CONTRACT_REVIEW_REQUIRED",""
"FOS-GOAT-022","FAMACHA Capture","goat","P07","PROPOSED_CONTRACT_REVIEW_REQUIRED","feature/goat/src/main/kotlin/com/farmos/feature/goat/GoatVerticalSliceScreen.kt | feature/goat/src/main/kotlin/com/farmos/feature/goat/GoatCaptureScreens.kt"
"FOS-GOAT-023","FAMACHA Reference","goat","P11","PROPOSED_CONTRACT_REVIEW_REQUIRED",""
"FOS-GOAT-024","FAMACHA History","goat","P09","PROPOSED_CONTRACT_REVIEW_REQUIRED",""
"FOS-GOAT-025","Goat Health Summary","goat","P04","PROPOSED_CONTRACT_REVIEW_REQUIRED",""
"FOS-GOAT-026","Goat Treatment History","goat","P09","PROPOSED_CONTRACT_REVIEW_REQUIRED",""
"FOS-GOAT-027","Goat Withdrawal Status","goat","P12","PROPOSED_CONTRACT_REVIEW_REQUIRED",""
"FOS-GOAT-028","Goat Vet Visit","goat","P06","PROPOSED_CONTRACT_REVIEW_REQUIRED",""
"FOS-GOAT-029","Goat Lab Result","goat","P06","PROPOSED_CONTRACT_REVIEW_REQUIRED",""
"FOS-GOAT-030","Doe Reproduction Dashboard","goat","P04","PROPOSED_CONTRACT_REVIEW_REQUIRED",""
"FOS-GOAT-031","Heat Record","goat","P07","PROPOSED_CONTRACT_REVIEW_REQUIRED","feature/goat/src/main/kotlin/com/farmos/feature/goat/GoatVerticalSliceScreen.kt | feature/goat/src/main/kotlin/com/farmos/feature/goat/GoatCaptureScreens.kt"
"FOS-GOAT-032","Mating or Service","goat","P07","PROPOSED_CONTRACT_REVIEW_REQUIRED","feature/goat/src/main/kotlin/com/farmos/feature/goat/GoatVerticalSliceScreen.kt | feature/goat/src/main/kotlin/com/farmos/feature/goat/GoatCaptureScreens.kt"
"FOS-GOAT-033","Sire Selector","goat","P13","PROPOSED_CONTRACT_REVIEW_REQUIRED",""
"FOS-GOAT-034","Pregnancy Check","goat","P07","PROPOSED_CONTRACT_REVIEW_REQUIRED","feature/goat/src/main/kotlin/com/farmos/feature/goat/GoatVerticalSliceScreen.kt | feature/goat/src/main/kotlin/com/farmos/feature/goat/GoatCaptureScreens.kt"
"FOS-GOAT-035","Pregnancy Dashboard","goat","P04","PROPOSED_CONTRACT_REVIEW_REQUIRED",""
"FOS-GOAT-036","Kidding Due","goat","P08","PROPOSED_CONTRACT_REVIEW_REQUIRED",""
"FOS-GOAT-037","Record Kidding","goat","P07","PROPOSED_CONTRACT_REVIEW_REQUIRED","feature/goat/src/main/kotlin/com/farmos/feature/goat/GoatVerticalSliceScreen.kt | feature/goat/src/main/kotlin/com/farmos/feature/goat/GoatCaptureScreens.kt"
"FOS-GOAT-038","Kidding Event Detail","goat","P06","PROPOSED_CONTRACT_REVIEW_REQUIRED",""
"FOS-GOAT-039","Register Kid","goat","P07","PROPOSED_CONTRACT_REVIEW_REQUIRED","feature/goat/src/main/kotlin/com/farmos/feature/goat/GoatVerticalSliceScreen.kt | feature/goat/src/main/kotlin/com/farmos/feature/goat/GoatCaptureScreens.kt"
"FOS-GOAT-040","Kid Cohort","goat","P06","PROPOSED_CONTRACT_REVIEW_REQUIRED",""
"FOS-GOAT-041","Kid Profile","goat","P06","PROPOSED_CONTRACT_REVIEW_REQUIRED",""
"FOS-GOAT-042","Weaning","goat","P07","PROPOSED_CONTRACT_REVIEW_REQUIRED",""
"FOS-GOAT-043","Lactation Plan","goat","P08","PROPOSED_CONTRACT_REVIEW_REQUIRED","feature/goat/src/main/kotlin/com/farmos/feature/goat/GoatVerticalSliceScreen.kt | feature/goat/src/main/kotlin/com/farmos/feature/goat/GoatCaptureScreens.kt"
"FOS-GOAT-044","Pedigree Tree","goat","P10","PROPOSED_CONTRACT_REVIEW_REQUIRED",""
"FOS-GOAT-045","Parentage Editor","goat","P07","PROPOSED_CONTRACT_REVIEW_REQUIRED",""
"FOS-GOAT-046","Breeding Candidate Compare","goat","P10","PROPOSED_CONTRACT_REVIEW_REQUIRED",""
"FOS-GOAT-047","Goat Groups","goat","P05","PROPOSED_CONTRACT_REVIEW_REQUIRED",""
"FOS-GOAT-048","Group Membership","goat","P07","PROPOSED_CONTRACT_REVIEW_REQUIRED",""
"FOS-GOAT-049","Goat Movement","goat","P07","PROPOSED_CONTRACT_REVIEW_REQUIRED",""
"FOS-GOAT-050","Official Identifier","goat","P13","PROPOSED_CONTRACT_REVIEW_REQUIRED",""
"FOS-GOAT-051","Status Change","goat","P12","PROPOSED_CONTRACT_REVIEW_REQUIRED","feature/goat/src/main/kotlin/com/farmos/feature/goat/GoatVerticalSliceScreen.kt | feature/goat/src/main/kotlin/com/farmos/feature/goat/GoatExperienceScreen.kt"
"FOS-GOAT-052","Sale Exit","goat","P12","PROPOSED_CONTRACT_REVIEW_REQUIRED",""
"FOS-GOAT-053","Mortality Record","goat","P12","PROPOSED_CONTRACT_REVIEW_REQUIRED",""
"FOS-GOAT-054","Cull Record","goat","P12","PROPOSED_CONTRACT_REVIEW_REQUIRED",""
"FOS-GOAT-055","Goat Report","goat","P10","PROPOSED_CONTRACT_REVIEW_REQUIRED",""
"FOS-RABBIT-001","Rabbitry Dashboard","rabbit","P04","PROPOSED_CONTRACT_REVIEW_REQUIRED","feature/rabbit/src/main/kotlin/com/farmos/feature/rabbit/RabbitProgrammeScreen.kt"
"FOS-RABBIT-002","Breeding Animals","rabbit","P05","PROPOSED_CONTRACT_REVIEW_REQUIRED","feature/rabbit/src/main/kotlin/com/farmos/feature/rabbit/RabbitProgrammeScreen.kt"
"FOS-RABBIT-003","Doe Profile","rabbit","P06","PROPOSED_CONTRACT_REVIEW_REQUIRED",""
"FOS-RABBIT-004","Buck Profile","rabbit","P06","PROPOSED_CONTRACT_REVIEW_REQUIRED",""
"FOS-RABBIT-005","Rabbit Registration","rabbit","P07","PROPOSED_CONTRACT_REVIEW_REQUIRED","feature/rabbit/src/main/kotlin/com/farmos/feature/rabbit/RabbitProgrammeScreen.kt"
"FOS-RABBIT-006","Cage Dashboard","rabbit","P04","PROPOSED_CONTRACT_REVIEW_REQUIRED","feature/rabbit/src/main/kotlin/com/farmos/feature/rabbit/RabbitProgrammeScreen.kt"
"FOS-RABBIT-007","Cage Detail","rabbit","P06","PROPOSED_CONTRACT_REVIEW_REQUIRED",""
"FOS-RABBIT-008","Cage Occupancy","rabbit","P08","PROPOSED_CONTRACT_REVIEW_REQUIRED",""
"FOS-RABBIT-009","Breeding Wave","rabbit","P08","PROPOSED_CONTRACT_REVIEW_REQUIRED","feature/rabbit/src/main/kotlin/com/farmos/feature/rabbit/RabbitProgrammeScreen.kt"
"FOS-RABBIT-010","Mating","rabbit","P07","PROPOSED_CONTRACT_REVIEW_REQUIRED",""
"FOS-RABBIT-011","Palpation","rabbit","P07","PROPOSED_CONTRACT_REVIEW_REQUIRED","feature/rabbit/src/main/kotlin/com/farmos/feature/rabbit/RabbitProgrammeScreen.kt"
"FOS-RABBIT-012","Pregnancy Status","rabbit","P06","PROPOSED_CONTRACT_REVIEW_REQUIRED","feature/rabbit/src/main/kotlin/com/farmos/feature/rabbit/RabbitProgrammeScreen.kt"
"FOS-RABBIT-013","Nest-Box Schedule","rabbit","P08","PROPOSED_CONTRACT_REVIEW_REQUIRED","feature/rabbit/src/main/kotlin/com/farmos/feature/rabbit/RabbitProgrammeScreen.kt"
"FOS-RABBIT-014","Nest Placement","rabbit","P07","PROPOSED_CONTRACT_REVIEW_REQUIRED",""
"FOS-RABBIT-015","Nest Removal","rabbit","P07","PROPOSED_CONTRACT_REVIEW_REQUIRED",""
"FOS-RABBIT-016","Kindling Due","rabbit","P08","PROPOSED_CONTRACT_REVIEW_REQUIRED",""
"FOS-RABBIT-017","Record Kindling","rabbit","P07","PROPOSED_CONTRACT_REVIEW_REQUIRED","feature/rabbit/src/main/kotlin/com/farmos/feature/rabbit/RabbitProgrammeScreen.kt"
"FOS-RABBIT-018","Litter Profile","rabbit","P06","PROPOSED_CONTRACT_REVIEW_REQUIRED",""
"FOS-RABBIT-019","Kit Census","rabbit","P07","PROPOSED_CONTRACT_REVIEW_REQUIRED",""
"FOS-RABBIT-020","Foster Kits","rabbit","P07","PROPOSED_CONTRACT_REVIEW_REQUIRED","feature/rabbit/src/main/kotlin/com/farmos/feature/rabbit/RabbitProgrammeScreen.kt"
"FOS-RABBIT-021","Kit Mortality","rabbit","P07","PROPOSED_CONTRACT_REVIEW_REQUIRED",""
"FOS-RABBIT-022","Weaning","rabbit","P07","PROPOSED_CONTRACT_REVIEW_REQUIRED","feature/rabbit/src/main/kotlin/com/farmos/feature/rabbit/RabbitProgrammeScreen.kt"
"FOS-RABBIT-023","Individualise Kits","rabbit","P07","PROPOSED_CONTRACT_REVIEW_REQUIRED",""
"FOS-RABBIT-024","Retention Selection","rabbit","P10","PROPOSED_CONTRACT_REVIEW_REQUIRED",""
"FOS-RABBIT-025","Replacement Candidate Compare","rabbit","P10","PROPOSED_CONTRACT_REVIEW_REQUIRED",""
"FOS-RABBIT-026","Market Plan","rabbit","P08","PROPOSED_CONTRACT_REVIEW_REQUIRED",""
"FOS-RABBIT-027","Customer Waitlist","rabbit","P05","PROPOSED_CONTRACT_REVIEW_REQUIRED",""
"FOS-RABBIT-028","Reservation","rabbit","P07","PROPOSED_CONTRACT_REVIEW_REQUIRED",""
"FOS-RABBIT-029","Contract","rabbit","P06","PROPOSED_CONTRACT_REVIEW_REQUIRED",""
"FOS-RABBIT-030","Sale Allocation","rabbit","P07","PROPOSED_CONTRACT_REVIEW_REQUIRED",""
"FOS-RABBIT-031","Rabbit Pedigree","rabbit","P10","PROPOSED_CONTRACT_REVIEW_REQUIRED",""
"FOS-RABBIT-032","Rabbit Weight","rabbit","P07","PROPOSED_CONTRACT_REVIEW_REQUIRED",""
"FOS-RABBIT-033","Rabbit Health","rabbit","P04","PROPOSED_CONTRACT_REVIEW_REQUIRED",""
"FOS-RABBIT-034","GI Stasis Red-Flag","rabbit","P12","PROPOSED_CONTRACT_REVIEW_REQUIRED","feature/rabbit/src/main/kotlin/com/farmos/feature/rabbit/RabbitProgrammeScreen.kt"
"FOS-RABBIT-035","Rabbit Timeline","rabbit","P09","PROPOSED_CONTRACT_REVIEW_REQUIRED",""
"FOS-RABBIT-036","Rabbit Report","rabbit","P10","PROPOSED_CONTRACT_REVIEW_REQUIRED",""
"FOS-SHEEP-001","Sheep Dashboard","sheep","P04","PROPOSED_CONTRACT_REVIEW_REQUIRED","app/src/main/java/com/farmos/app/SpeciesHerdScreen.kt"
"FOS-SHEEP-002","Mob or Flock List","sheep","P05","PROPOSED_CONTRACT_REVIEW_REQUIRED","app/src/main/java/com/farmos/app/SpeciesHerdScreen.kt"
"FOS-SHEEP-003","Sheep Profile","sheep","P06","PROPOSED_CONTRACT_REVIEW_REQUIRED","app/src/main/java/com/farmos/app/SpeciesHerdScreen.kt"
"FOS-SHEEP-004","Sheep Registration","sheep","P07","PROPOSED_CONTRACT_REVIEW_REQUIRED","app/src/main/java/com/farmos/app/SpeciesHerdScreen.kt"
"FOS-SHEEP-005","EID Scan","sheep","P13","PROPOSED_CONTRACT_REVIEW_REQUIRED",""
"FOS-SHEEP-006","Weight Capture","sheep","P07","PROPOSED_CONTRACT_REVIEW_REQUIRED","app/src/main/java/com/farmos/app/SpeciesHerdScreen.kt"
"FOS-SHEEP-007","Growth History","sheep","P09","PROPOSED_CONTRACT_REVIEW_REQUIRED",""
"FOS-SHEEP-008","BCS","sheep","P07","PROPOSED_CONTRACT_REVIEW_REQUIRED",""
"FOS-SHEEP-009","FAMACHA","sheep","P07","PROPOSED_CONTRACT_REVIEW_REQUIRED","feature/ops/src/main/kotlin/com/farmos/feature/ops/SheepOperationsScreen.kt"
"FOS-SHEEP-010","Joining Dashboard","sheep","P04","PROPOSED_CONTRACT_REVIEW_REQUIRED","feature/ops/src/main/kotlin/com/farmos/feature/ops/SheepOperationsScreen.kt"
"FOS-SHEEP-011","Record Joining","sheep","P07","PROPOSED_CONTRACT_REVIEW_REQUIRED","feature/ops/src/main/kotlin/com/farmos/feature/ops/SheepOperationsScreen.kt"
"FOS-SHEEP-012","Pregnancy Scan","sheep","P07","PROPOSED_CONTRACT_REVIEW_REQUIRED","feature/ops/src/main/kotlin/com/farmos/feature/ops/SheepOperationsScreen.kt"
"FOS-SHEEP-013","Lambing Due","sheep","P08","PROPOSED_CONTRACT_REVIEW_REQUIRED",""
"FOS-SHEEP-014","Record Lambing","sheep","P07","PROPOSED_CONTRACT_REVIEW_REQUIRED","feature/ops/src/main/kotlin/com/farmos/feature/ops/SheepOperationsScreen.kt"
"FOS-SHEEP-015","Lamb Profile","sheep","P06","PROPOSED_CONTRACT_REVIEW_REQUIRED",""
"FOS-SHEEP-016","Lamb Marking","sheep","P07","PROPOSED_CONTRACT_REVIEW_REQUIRED","feature/ops/src/main/kotlin/com/farmos/feature/ops/SheepOperationsScreen.kt"
"FOS-SHEEP-017","Weaning","sheep","P07","PROPOSED_CONTRACT_REVIEW_REQUIRED","feature/ops/src/main/kotlin/com/farmos/feature/ops/SheepOperationsScreen.kt"
"FOS-SHEEP-018","Wool Dashboard","sheep","P04","PROPOSED_CONTRACT_REVIEW_REQUIRED",""
"FOS-SHEEP-019","Shearing","sheep","P07","PROPOSED_CONTRACT_REVIEW_REQUIRED","feature/ops/src/main/kotlin/com/farmos/feature/ops/SheepOperationsScreen.kt"
"FOS-SHEEP-020","Fleece Record","sheep","P07","PROPOSED_CONTRACT_REVIEW_REQUIRED","feature/ops/src/main/kotlin/com/farmos/feature/ops/SheepOperationsScreen.kt"
"FOS-SHEEP-021","Micron or Fibre Result","sheep","P07","PROPOSED_CONTRACT_REVIEW_REQUIRED","feature/ops/src/main/kotlin/com/farmos/feature/ops/SheepOperationsScreen.kt"
"FOS-SHEEP-022","Dag Score","sheep","P07","PROPOSED_CONTRACT_REVIEW_REQUIRED","feature/ops/src/main/kotlin/com/farmos/feature/ops/SheepOperationsScreen.kt"
"FOS-SHEEP-023","Footrot","sheep","P07","PROPOSED_CONTRACT_REVIEW_REQUIRED","feature/ops/src/main/kotlin/com/farmos/feature/ops/SheepOperationsScreen.kt"
"FOS-SHEEP-024","Flystrike","sheep","P07","PROPOSED_CONTRACT_REVIEW_REQUIRED","feature/ops/src/main/kotlin/com/farmos/feature/ops/SheepOperationsScreen.kt"
"FOS-SHEEP-025","Health Summary","sheep","P04","PROPOSED_CONTRACT_REVIEW_REQUIRED",""
"FOS-SHEEP-026","Pedigree","sheep","P10","PROPOSED_CONTRACT_REVIEW_REQUIRED","feature/ops/src/main/kotlin/com/farmos/feature/ops/SheepOperationsScreen.kt"
"FOS-SHEEP-027","Movement","sheep","P07","PROPOSED_CONTRACT_REVIEW_REQUIRED","feature/ops/src/main/kotlin/com/farmos/feature/ops/SheepOperationsScreen.kt"
"FOS-SHEEP-028","Paddock Assignment","sheep","P07","PROPOSED_CONTRACT_REVIEW_REQUIRED",""
"FOS-SHEEP-029","Official Identifier","sheep","P13","PROPOSED_CONTRACT_REVIEW_REQUIRED","feature/ops/src/main/kotlin/com/farmos/feature/ops/SheepOperationsScreen.kt"
"FOS-SHEEP-030","Status Change","sheep","P12","PROPOSED_CONTRACT_REVIEW_REQUIRED","app/src/main/java/com/farmos/app/SpeciesHerdScreen.kt"
"FOS-SHEEP-031","Timeline","sheep","P09","PROPOSED_CONTRACT_REVIEW_REQUIRED",""
"FOS-SHEEP-032","Sheep Report","sheep","P10","PROPOSED_CONTRACT_REVIEW_REQUIRED",""
"FOS-CATTLE-001","Cattle Dashboard","cattle","P04","PROPOSED_CONTRACT_REVIEW_REQUIRED","app/src/main/java/com/farmos/app/SpeciesHerdScreen.kt"
"FOS-CATTLE-002","Herd or Mob or Lot List","cattle","P05","PROPOSED_CONTRACT_REVIEW_REQUIRED","app/src/main/java/com/farmos/app/SpeciesHerdScreen.kt"
"FOS-CATTLE-003","Cattle Profile","cattle","P06","PROPOSED_CONTRACT_REVIEW_REQUIRED","app/src/main/java/com/farmos/app/SpeciesHerdScreen.kt"
"FOS-CATTLE-004","Cattle Registration","cattle","P07","PROPOSED_CONTRACT_REVIEW_REQUIRED","app/src/main/java/com/farmos/app/SpeciesHerdScreen.kt"
"FOS-CATTLE-005","EID or Official Identifier","cattle","P13","PROPOSED_CONTRACT_REVIEW_REQUIRED","feature/ops/src/main/kotlin/com/farmos/feature/ops/CattleOperationsScreen.kt"
"FOS-CATTLE-006","Weight Capture","cattle","P07","PROPOSED_CONTRACT_REVIEW_REQUIRED","app/src/main/java/com/farmos/app/SpeciesHerdScreen.kt"
"FOS-CATTLE-007","Growth History","cattle","P09","PROPOSED_CONTRACT_REVIEW_REQUIRED",""
"FOS-CATTLE-008","BCS","cattle","P07","PROPOSED_CONTRACT_REVIEW_REQUIRED","feature/ops/src/main/kotlin/com/farmos/feature/ops/CattleOperationsScreen.kt"
"FOS-CATTLE-009","Heat Detection","cattle","P07","PROPOSED_CONTRACT_REVIEW_REQUIRED",""
"FOS-CATTLE-010","Service","cattle","P07","PROPOSED_CONTRACT_REVIEW_REQUIRED","feature/ops/src/main/kotlin/com/farmos/feature/ops/CattleOperationsScreen.kt"
"FOS-CATTLE-011","AI Record","cattle","P07","PROPOSED_CONTRACT_REVIEW_REQUIRED",""
"FOS-CATTLE-012","ET Record","cattle","P07","PROPOSED_CONTRACT_REVIEW_REQUIRED",""
"FOS-CATTLE-013","Pregnancy Diagnosis","cattle","P07","PROPOSED_CONTRACT_REVIEW_REQUIRED","feature/ops/src/main/kotlin/com/farmos/feature/ops/CattleOperationsScreen.kt"
"FOS-CATTLE-014","Calving Due","cattle","P08","PROPOSED_CONTRACT_REVIEW_REQUIRED",""
"FOS-CATTLE-015","Record Calving","cattle","P07","PROPOSED_CONTRACT_REVIEW_REQUIRED","feature/ops/src/main/kotlin/com/farmos/feature/ops/CattleOperationsScreen.kt"
"FOS-CATTLE-016","Calf Registration","cattle","P07","PROPOSED_CONTRACT_REVIEW_REQUIRED",""
"FOS-CATTLE-017","Weaning","cattle","P07","PROPOSED_CONTRACT_REVIEW_REQUIRED","feature/ops/src/main/kotlin/com/farmos/feature/ops/CattleOperationsScreen.kt"
"FOS-CATTLE-018","Dairy Dashboard","cattle","P04","PROPOSED_CONTRACT_REVIEW_REQUIRED","feature/ops/src/main/kotlin/com/farmos/feature/ops/CattleOperationsScreen.kt"
"FOS-CATTLE-019","Milk Capture","cattle","P07","PROPOSED_CONTRACT_REVIEW_REQUIRED","feature/ops/src/main/kotlin/com/farmos/feature/ops/CattleOperationsScreen.kt"
"FOS-CATTLE-020","Lactation History","cattle","P09","PROPOSED_CONTRACT_REVIEW_REQUIRED",""
"FOS-CATTLE-021","SCC Capture","cattle","P07","PROPOSED_CONTRACT_REVIEW_REQUIRED","feature/ops/src/main/kotlin/com/farmos/feature/ops/CattleOperationsScreen.kt"
"FOS-CATTLE-022","SCC History","cattle","P09","PROPOSED_CONTRACT_REVIEW_REQUIRED",""
"FOS-CATTLE-023","Locomotion Score","cattle","P07","PROPOSED_CONTRACT_REVIEW_REQUIRED","feature/ops/src/main/kotlin/com/farmos/feature/ops/CattleOperationsScreen.kt"
"FOS-CATTLE-024","Dry-Off","cattle","P07","PROPOSED_CONTRACT_REVIEW_REQUIRED","feature/ops/src/main/kotlin/com/farmos/feature/ops/CattleOperationsScreen.kt"
"FOS-CATTLE-025","Beef Dashboard","cattle","P04","PROPOSED_CONTRACT_REVIEW_REQUIRED",""
"FOS-CATTLE-026","Feedlot Placement","cattle","P07","PROPOSED_CONTRACT_REVIEW_REQUIRED","feature/ops/src/main/kotlin/com/farmos/feature/ops/CattleOperationsScreen.kt"
"FOS-CATTLE-027","Feedlot Lot Detail","cattle","P06","PROPOSED_CONTRACT_REVIEW_REQUIRED",""
"FOS-CATTLE-028","Days on Feed","cattle","P10","PROPOSED_CONTRACT_REVIEW_REQUIRED","feature/ops/src/main/kotlin/com/farmos/feature/ops/CattleOperationsScreen.kt"
"FOS-CATTLE-029","Lot Close-Out","cattle","P07","PROPOSED_CONTRACT_REVIEW_REQUIRED","feature/ops/src/main/kotlin/com/farmos/feature/ops/CattleOperationsScreen.kt"
"FOS-CATTLE-030","Movement","cattle","P07","PROPOSED_CONTRACT_REVIEW_REQUIRED","feature/ops/src/main/kotlin/com/farmos/feature/ops/CattleOperationsScreen.kt"
"FOS-CATTLE-031","Official Movement Record","cattle","P07","PROPOSED_CONTRACT_REVIEW_REQUIRED",""
"FOS-CATTLE-032","Pedigree","cattle","P10","PROPOSED_CONTRACT_REVIEW_REQUIRED","feature/ops/src/main/kotlin/com/farmos/feature/ops/CattleOperationsScreen.kt"
"FOS-CATTLE-033","Health Summary","cattle","P04","PROPOSED_CONTRACT_REVIEW_REQUIRED",""
"FOS-CATTLE-034","Status Change","cattle","P12","PROPOSED_CONTRACT_REVIEW_REQUIRED","app/src/main/java/com/farmos/app/SpeciesHerdScreen.kt"
"FOS-CATTLE-035","Timeline","cattle","P09","PROPOSED_CONTRACT_REVIEW_REQUIRED",""
"FOS-CATTLE-036","Cattle Report","cattle","P10","PROPOSED_CONTRACT_REVIEW_REQUIRED",""
"FOS-POULTRY-001","Poultry Dashboard","poultry","P04","PROPOSED_CONTRACT_REVIEW_REQUIRED","feature/ops/src/main/kotlin/com/farmos/feature/ops/PoultryExperienceScreen.kt"
"FOS-POULTRY-002","Enabled Poultry Kinds","poultry","P05","PROPOSED_CONTRACT_REVIEW_REQUIRED","feature/ops/src/main/kotlin/com/farmos/feature/ops/PoultryExperienceScreen.kt"
"FOS-POULTRY-003","Enable Kind","poultry","P07","PROPOSED_CONTRACT_REVIEW_REQUIRED",""
"FOS-POULTRY-004","Flock List","poultry","P05","PROPOSED_CONTRACT_REVIEW_REQUIRED","feature/ops/src/main/kotlin/com/farmos/feature/ops/PoultryExperienceScreen.kt"
"FOS-POULTRY-005","Flock Profile","poultry","P06","PROPOSED_CONTRACT_REVIEW_REQUIRED",""
"FOS-POULTRY-006","House List","poultry","P05","PROPOSED_CONTRACT_REVIEW_REQUIRED","feature/ops/src/main/kotlin/com/farmos/feature/ops/PoultryExperienceScreen.kt"
"FOS-POULTRY-007","House Detail","poultry","P06","PROPOSED_CONTRACT_REVIEW_REQUIRED",""
"FOS-POULTRY-008","Placement","poultry","P07","PROPOSED_CONTRACT_REVIEW_REQUIRED","feature/ops/src/main/kotlin/com/farmos/feature/ops/PoultryExperienceScreen.kt"
"FOS-POULTRY-009","Daily Mortality","poultry","P07","PROPOSED_CONTRACT_REVIEW_REQUIRED","feature/ops/src/main/kotlin/com/farmos/feature/ops/PoultryExperienceScreen.kt"
"FOS-POULTRY-010","Egg Production","poultry","P07","PROPOSED_CONTRACT_REVIEW_REQUIRED",""
"FOS-POULTRY-011","Egg Collection","poultry","P07","PROPOSED_CONTRACT_REVIEW_REQUIRED",""
"FOS-POULTRY-012","Feed or FCR","poultry","P07","PROPOSED_CONTRACT_REVIEW_REQUIRED",""
"FOS-POULTRY-013","Vaccination Schedule","poultry","P08","PROPOSED_CONTRACT_REVIEW_REQUIRED",""
"FOS-POULTRY-014","Vaccination Capture","poultry","P07","PROPOSED_CONTRACT_REVIEW_REQUIRED","feature/ops/src/main/kotlin/com/farmos/feature/ops/PoultryExperienceScreen.kt"
"FOS-POULTRY-015","Biosecurity Dashboard","poultry","P04","PROPOSED_CONTRACT_REVIEW_REQUIRED",""
"FOS-POULTRY-016","Biosecurity Check","poultry","P07","PROPOSED_CONTRACT_REVIEW_REQUIRED","feature/ops/src/main/kotlin/com/farmos/feature/ops/PoultryExperienceScreen.kt"
"FOS-POULTRY-017","Hatchery Dashboard","poultry","P04","PROPOSED_CONTRACT_REVIEW_REQUIRED","feature/ops/src/main/kotlin/com/farmos/feature/ops/PoultryExperienceScreen.kt"
"FOS-POULTRY-018","Eggs Set","poultry","P07","PROPOSED_CONTRACT_REVIEW_REQUIRED","feature/ops/src/main/kotlin/com/farmos/feature/ops/PoultryExperienceScreen.kt"
"FOS-POULTRY-019","Incubation Batch","poultry","P06","PROPOSED_CONTRACT_REVIEW_REQUIRED",""
"FOS-POULTRY-020","Candling","poultry","P07","PROPOSED_CONTRACT_REVIEW_REQUIRED","feature/ops/src/main/kotlin/com/farmos/feature/ops/PoultryExperienceScreen.kt"
"FOS-POULTRY-021","Hatch Result","poultry","P07","PROPOSED_CONTRACT_REVIEW_REQUIRED","feature/ops/src/main/kotlin/com/farmos/feature/ops/PoultryExperienceScreen.kt"
"FOS-POULTRY-022","Chick Placement","poultry","P07","PROPOSED_CONTRACT_REVIEW_REQUIRED",""
"FOS-POULTRY-023","Flock Move","poultry","P07","PROPOSED_CONTRACT_REVIEW_REQUIRED",""
"FOS-POULTRY-024","Flock Close-Out","poultry","P07","PROPOSED_CONTRACT_REVIEW_REQUIRED",""
"FOS-POULTRY-025","Poultry Health","poultry","P04","PROPOSED_CONTRACT_REVIEW_REQUIRED",""
"FOS-POULTRY-026","Flock Timeline","poultry","P09","PROPOSED_CONTRACT_REVIEW_REQUIRED",""
"FOS-POULTRY-027","Poultry Report","poultry","P10","PROPOSED_CONTRACT_REVIEW_REQUIRED",""
"FOS-HEALTH-001","Health Dashboard","health","P04","PROPOSED_CONTRACT_REVIEW_REQUIRED","feature/ops/src/main/kotlin/com/farmos/feature/ops/HealthExperienceScreen.kt"
"FOS-HEALTH-002","Today Health Actions","health","P05","PROPOSED_CONTRACT_REVIEW_REQUIRED",""
"FOS-HEALTH-003","Observation List","health","P05","PROPOSED_CONTRACT_REVIEW_REQUIRED","feature/ops/src/main/kotlin/com/farmos/feature/ops/HealthExperienceScreen.kt"
"FOS-HEALTH-004","Record Observation","health","P07","PROPOSED_CONTRACT_REVIEW_REQUIRED","feature/ops/src/main/kotlin/com/farmos/feature/ops/HealthExperienceScreen.kt"
"FOS-HEALTH-005","Health Case Detail","health","P06","PROPOSED_CONTRACT_REVIEW_REQUIRED",""
"FOS-HEALTH-006","Treatment List","health","P05","PROPOSED_CONTRACT_REVIEW_REQUIRED",""
"FOS-HEALTH-007","Record Treatment","health","P07","PROPOSED_CONTRACT_REVIEW_REQUIRED","feature/ops/src/main/kotlin/com/farmos/feature/ops/HealthExperienceScreen.kt"
"FOS-HEALTH-008","Treatment Detail","health","P06","PROPOSED_CONTRACT_REVIEW_REQUIRED",""
"FOS-HEALTH-009","Withdrawal Dashboard","health","P04","PROPOSED_CONTRACT_REVIEW_REQUIRED","feature/ops/src/main/kotlin/com/farmos/feature/ops/HealthExperienceScreen.kt"
"FOS-HEALTH-010","Withdrawal Detail","health","P06","PROPOSED_CONTRACT_REVIEW_REQUIRED",""
"FOS-HEALTH-011","Vaccination Schedule","health","P08","PROPOSED_CONTRACT_REVIEW_REQUIRED",""
"FOS-HEALTH-012","Vaccination Capture","health","P07","PROPOSED_CONTRACT_REVIEW_REQUIRED",""
"FOS-HEALTH-013","Formulary","health","P05","PROPOSED_CONTRACT_REVIEW_REQUIRED","feature/ops/src/main/kotlin/com/farmos/feature/ops/HealthExperienceScreen.kt"
"FOS-HEALTH-014","Formulary Item","health","P06","PROPOSED_CONTRACT_REVIEW_REQUIRED",""
"FOS-HEALTH-015","Protocol Packs","health","P05","PROPOSED_CONTRACT_REVIEW_REQUIRED","feature/ops/src/main/kotlin/com/farmos/feature/ops/HealthExperienceScreen.kt"
"FOS-HEALTH-016","Protocol Pack Detail","health","P06","PROPOSED_CONTRACT_REVIEW_REQUIRED",""
"FOS-HEALTH-017","Accept Protocol Pack","health","P12","PROPOSED_CONTRACT_REVIEW_REQUIRED","feature/ops/src/main/kotlin/com/farmos/feature/ops/HealthExperienceScreen.kt"
"FOS-HEALTH-018","Apply Protocol Pack","health","P12","PROPOSED_CONTRACT_REVIEW_REQUIRED","feature/ops/src/main/kotlin/com/farmos/feature/ops/HealthExperienceScreen.kt"
"FOS-HEALTH-019","Protocol Slot Editor","health","P07","PROPOSED_CONTRACT_REVIEW_REQUIRED","feature/ops/src/main/kotlin/com/farmos/feature/ops/HealthExperienceScreen.kt"
"FOS-HEALTH-020","Vet Visit List","health","P05","PROPOSED_CONTRACT_REVIEW_REQUIRED",""
"FOS-HEALTH-021","Record Vet Visit","health","P07","PROPOSED_CONTRACT_REVIEW_REQUIRED","feature/ops/src/main/kotlin/com/farmos/feature/ops/HealthExperienceScreen.kt"
"FOS-HEALTH-022","Vet Visit Detail","health","P06","PROPOSED_CONTRACT_REVIEW_REQUIRED",""
"FOS-HEALTH-023","Lab Results","health","P05","PROPOSED_CONTRACT_REVIEW_REQUIRED",""
"FOS-HEALTH-024","Record Lab Result","health","P07","PROPOSED_CONTRACT_REVIEW_REQUIRED","feature/ops/src/main/kotlin/com/farmos/feature/ops/HealthExperienceScreen.kt"
"FOS-HEALTH-025","Lab Result Detail","health","P06","PROPOSED_CONTRACT_REVIEW_REQUIRED",""
"FOS-HEALTH-026","Disease or Reference Library","health","P11","PROPOSED_CONTRACT_REVIEW_REQUIRED","feature/ops/src/main/kotlin/com/farmos/feature/ops/HealthExperienceScreen.kt"
"FOS-HEALTH-027","Reference Detail","health","P11","PROPOSED_CONTRACT_REVIEW_REQUIRED",""
"FOS-HEALTH-028","Emergency or Red Flag","health","P12","PROPOSED_CONTRACT_REVIEW_REQUIRED",""
"FOS-HEALTH-029","Health Timeline","health","P09","PROPOSED_CONTRACT_REVIEW_REQUIRED",""
"FOS-HEALTH-030","Health Report","health","P10","PROPOSED_CONTRACT_REVIEW_REQUIRED",""
"FOS-TASK-001","Today Board","task","P05","PROPOSED_CONTRACT_REVIEW_REQUIRED","feature/ops/src/main/kotlin/com/farmos/feature/ops/TasksBoardScreen.kt"
"FOS-TASK-002","All Tasks","task","P05","PROPOSED_CONTRACT_REVIEW_REQUIRED",""
"FOS-TASK-003","Task Detail","task","P06","PROPOSED_CONTRACT_REVIEW_REQUIRED",""
"FOS-TASK-004","Create Task","task","P07","PROPOSED_CONTRACT_REVIEW_REQUIRED","feature/ops/src/main/kotlin/com/farmos/feature/ops/TasksBoardScreen.kt"
"FOS-TASK-005","Edit Task","task","P07","PROPOSED_CONTRACT_REVIEW_REQUIRED",""
"FOS-TASK-006","Assigned to Me","task","P05","PROPOSED_CONTRACT_REVIEW_REQUIRED",""
"FOS-TASK-007","Scheduled","task","P05","PROPOSED_CONTRACT_REVIEW_REQUIRED","feature/ops/src/main/kotlin/com/farmos/feature/ops/TasksBoardScreen.kt"
"FOS-TASK-008","Overdue","task","P05","PROPOSED_CONTRACT_REVIEW_REQUIRED","feature/ops/src/main/kotlin/com/farmos/feature/ops/TasksBoardScreen.kt"
"FOS-TASK-009","Completed","task","P05","PROPOSED_CONTRACT_REVIEW_REQUIRED","feature/ops/src/main/kotlin/com/farmos/feature/ops/TasksBoardScreen.kt"
"FOS-TASK-010","Calendar","task","P08","PROPOSED_CONTRACT_REVIEW_REQUIRED",""
"FOS-TASK-011","Recurrence","task","P08","PROPOSED_CONTRACT_REVIEW_REQUIRED",""
"FOS-TASK-012","Task Attachment","task","P07","PROPOSED_CONTRACT_REVIEW_REQUIRED",""
"FOS-TASK-013","Task Completion Evidence","task","P07","PROPOSED_CONTRACT_REVIEW_REQUIRED",""
"FOS-TASK-014","Task Generated by Protocol","task","P06","PROPOSED_CONTRACT_REVIEW_REQUIRED",""
"FOS-TASK-015","Task Generated by Lifecycle","task","P06","PROPOSED_CONTRACT_REVIEW_REQUIRED",""
"FOS-INV-001","Inventory Dashboard","inv","P04","PROPOSED_CONTRACT_REVIEW_REQUIRED","feature/ops/src/main/kotlin/com/farmos/feature/ops/InventoryExperienceScreen.kt"
"FOS-INV-002","Inventory List","inv","P05","PROPOSED_CONTRACT_REVIEW_REQUIRED","feature/ops/src/main/kotlin/com/farmos/feature/ops/InventoryExperienceScreen.kt"
"FOS-INV-003","Inventory Item","inv","P06","PROPOSED_CONTRACT_REVIEW_REQUIRED",""
"FOS-INV-004","Create Item","inv","P07","PROPOSED_CONTRACT_REVIEW_REQUIRED","feature/ops/src/main/kotlin/com/farmos/feature/ops/InventoryExperienceScreen.kt"
"FOS-INV-005","Receive Stock","inv","P07","PROPOSED_CONTRACT_REVIEW_REQUIRED","feature/ops/src/main/kotlin/com/farmos/feature/ops/InventoryExperienceScreen.kt"
"FOS-INV-006","Receive Lot","inv","P07","PROPOSED_CONTRACT_REVIEW_REQUIRED","feature/ops/src/main/kotlin/com/farmos/feature/ops/InventoryExperienceScreen.kt"
"FOS-INV-007","Issue Stock","inv","P07","PROPOSED_CONTRACT_REVIEW_REQUIRED","feature/ops/src/main/kotlin/com/farmos/feature/ops/InventoryExperienceScreen.kt"
"FOS-INV-008","FEFO Issue","inv","P07","PROPOSED_CONTRACT_REVIEW_REQUIRED","feature/ops/src/main/kotlin/com/farmos/feature/ops/InventoryExperienceScreen.kt"
"FOS-INV-009","Lot Detail","inv","P06","PROPOSED_CONTRACT_REVIEW_REQUIRED",""
"FOS-INV-010","Expiry Queue","inv","P05","PROPOSED_CONTRACT_REVIEW_REQUIRED",""
"FOS-INV-011","Low Stock","inv","P05","PROPOSED_CONTRACT_REVIEW_REQUIRED",""
"FOS-INV-012","Reorder Rules","inv","P14","PROPOSED_CONTRACT_REVIEW_REQUIRED","feature/ops/src/main/kotlin/com/farmos/feature/ops/InventoryExperienceScreen.kt"
"FOS-INV-013","Reorder Alert","inv","P12","PROPOSED_CONTRACT_REVIEW_REQUIRED","feature/ops/src/main/kotlin/com/farmos/feature/ops/InventoryExperienceScreen.kt"
"FOS-INV-014","Stock Movement History","inv","P09","PROPOSED_CONTRACT_REVIEW_REQUIRED",""
"FOS-INV-015","Stock Adjustment","inv","P12","PROPOSED_CONTRACT_REVIEW_REQUIRED",""
"FOS-INV-016","Stock Count","inv","P07","PROPOSED_CONTRACT_REVIEW_REQUIRED",""
"FOS-INV-017","Inventory Search","inv","P13","PROPOSED_CONTRACT_REVIEW_REQUIRED",""
"FOS-INV-018","Supplier Binding","inv","P07","PROPOSED_CONTRACT_REVIEW_REQUIRED",""
"FOS-INV-019","Inventory Report","inv","P10","PROPOSED_CONTRACT_REVIEW_REQUIRED",""
"FOS-FEED-001","Feed Dashboard","feed","P04","PROPOSED_CONTRACT_REVIEW_REQUIRED",""
"FOS-FEED-002","Feed Inventory","feed","P05","PROPOSED_CONTRACT_REVIEW_REQUIRED",""
"FOS-FEED-003","Feed Item","feed","P06","PROPOSED_CONTRACT_REVIEW_REQUIRED",""
"FOS-FEED-004","Feed Plan","feed","P08","PROPOSED_CONTRACT_REVIEW_REQUIRED",""
"FOS-FEED-005","Feeding Schedule","feed","P08","PROPOSED_CONTRACT_REVIEW_REQUIRED",""
"FOS-FEED-006","Feed Issue or Consumption","feed","P07","PROPOSED_CONTRACT_REVIEW_REQUIRED",""
"FOS-FEED-007","Feed Cost","feed","P10","PROPOSED_CONTRACT_REVIEW_REQUIRED",""
"FOS-FEED-008","Ration Builder","feed","P07","PROPOSED_CONTRACT_REVIEW_REQUIRED",""
"FOS-FEED-009","Ration Analysis","feed","P10","PROPOSED_CONTRACT_REVIEW_REQUIRED",""
"FOS-FEED-010","Ration Compare","feed","P10","PROPOSED_CONTRACT_REVIEW_REQUIRED",""
"FOS-FEED-011","Feed Alert","feed","P12","PROPOSED_CONTRACT_REVIEW_REQUIRED",""
"FOS-FEED-012","Feed Report","feed","P10","PROPOSED_CONTRACT_REVIEW_REQUIRED",""
"FOS-WATER-001","Water Dashboard","water","P04","PROPOSED_CONTRACT_REVIEW_REQUIRED",""
"FOS-WATER-002","Water Point List","water","P05","PROPOSED_CONTRACT_REVIEW_REQUIRED",""
"FOS-WATER-003","Water Point Detail","water","P06","PROPOSED_CONTRACT_REVIEW_REQUIRED",""
"FOS-WATER-004","Consumption Capture","water","P07","PROPOSED_CONTRACT_REVIEW_REQUIRED",""
"FOS-WATER-005","Water Inspection","water","P07","PROPOSED_CONTRACT_REVIEW_REQUIRED",""
"FOS-WATER-006","Water Quality Result","water","P07","PROPOSED_CONTRACT_REVIEW_REQUIRED",""
"FOS-WATER-007","Water Issue","water","P07","PROPOSED_CONTRACT_REVIEW_REQUIRED",""
"FOS-WATER-008","Water Maintenance","water","P07","PROPOSED_CONTRACT_REVIEW_REQUIRED",""
"FOS-WATER-009","Water History","water","P09","PROPOSED_CONTRACT_REVIEW_REQUIRED",""
"FOS-WATER-010","Water Report","water","P10","PROPOSED_CONTRACT_REVIEW_REQUIRED",""
"FOS-PASTURE-001","Pasture Dashboard","pasture","P04","PROPOSED_CONTRACT_REVIEW_REQUIRED",""
"FOS-PASTURE-002","Paddock List","pasture","P05","PROPOSED_CONTRACT_REVIEW_REQUIRED",""
"FOS-PASTURE-003","Paddock Detail","pasture","P06","PROPOSED_CONTRACT_REVIEW_REQUIRED",""
"FOS-PASTURE-004","Grazing Rotation","pasture","P08","PROPOSED_CONTRACT_REVIEW_REQUIRED",""
"FOS-PASTURE-005","Group Movement","pasture","P07","PROPOSED_CONTRACT_REVIEW_REQUIRED",""
"FOS-PASTURE-006","Rest Period","pasture","P08","PROPOSED_CONTRACT_REVIEW_REQUIRED",""
"FOS-PASTURE-007","Carrying Capacity","pasture","P10","PROPOSED_CONTRACT_REVIEW_REQUIRED",""
"FOS-PASTURE-008","Pasture Condition","pasture","P07","PROPOSED_CONTRACT_REVIEW_REQUIRED",""
"FOS-PASTURE-009","Grazing History","pasture","P09","PROPOSED_CONTRACT_REVIEW_REQUIRED",""
"FOS-PASTURE-010","Pasture Map","pasture","P08","PROPOSED_CONTRACT_REVIEW_REQUIRED",""
"FOS-PASTURE-011","Pasture Report","pasture","P10","PROPOSED_CONTRACT_REVIEW_REQUIRED",""
"FOS-GROUP-001","Groups","group","P05","PROPOSED_CONTRACT_REVIEW_REQUIRED",""
"FOS-GROUP-002","Group Detail","group","P06","PROPOSED_CONTRACT_REVIEW_REQUIRED",""
"FOS-GROUP-003","Create Group","group","P07","PROPOSED_CONTRACT_REVIEW_REQUIRED",""
"FOS-GROUP-004","Edit Group","group","P07","PROPOSED_CONTRACT_REVIEW_REQUIRED",""
"FOS-GROUP-005","Membership","group","P05","PROPOSED_CONTRACT_REVIEW_REQUIRED",""
"FOS-GROUP-006","Group Census","group","P07","PROPOSED_CONTRACT_REVIEW_REQUIRED",""
"FOS-GROUP-007","Group Move","group","P07","PROPOSED_CONTRACT_REVIEW_REQUIRED",""
"FOS-GROUP-008","Group Health","group","P04","PROPOSED_CONTRACT_REVIEW_REQUIRED",""
"FOS-GROUP-009","Group Timeline","group","P09","PROPOSED_CONTRACT_REVIEW_REQUIRED",""
"FOS-LABOUR-001","Labour Dashboard","labour","P04","PROPOSED_CONTRACT_REVIEW_REQUIRED",""
"FOS-LABOUR-002","Worker List","labour","P05","PROPOSED_CONTRACT_REVIEW_REQUIRED",""
"FOS-LABOUR-003","Worker Detail","labour","P06","PROPOSED_CONTRACT_REVIEW_REQUIRED",""
"FOS-LABOUR-004","Worker Assignment","labour","P07","PROPOSED_CONTRACT_REVIEW_REQUIRED",""
"FOS-LABOUR-005","Work Log","labour","P07","PROPOSED_CONTRACT_REVIEW_REQUIRED",""
"FOS-LABOUR-006","Attendance or Availability","labour","P07","PROPOSED_CONTRACT_REVIEW_REQUIRED",""
"FOS-LABOUR-007","Labour Cost","labour","P10","PROPOSED_CONTRACT_REVIEW_REQUIRED",""
"FOS-LABOUR-008","Coverage or Workload","labour","P08","PROPOSED_CONTRACT_REVIEW_REQUIRED",""
"FOS-LABOUR-009","Labour Report","labour","P10","PROPOSED_CONTRACT_REVIEW_REQUIRED",""
"FOS-ASSET-001","Assets Dashboard","asset","P04","PROPOSED_CONTRACT_REVIEW_REQUIRED",""
"FOS-ASSET-002","Asset Register","asset","P05","PROPOSED_CONTRACT_REVIEW_REQUIRED",""
"FOS-ASSET-003","Asset Detail","asset","P06","PROPOSED_CONTRACT_REVIEW_REQUIRED",""
"FOS-ASSET-004","Create Asset","asset","P07","PROPOSED_CONTRACT_REVIEW_REQUIRED",""
"FOS-ASSET-005","Meter or Usage Capture","asset","P07","PROPOSED_CONTRACT_REVIEW_REQUIRED",""
"FOS-ASSET-006","Maintenance Schedule","asset","P08","PROPOSED_CONTRACT_REVIEW_REQUIRED",""
"FOS-ASSET-007","Maintenance Job","asset","P06","PROPOSED_CONTRACT_REVIEW_REQUIRED",""
"FOS-ASSET-008","Breakdown","asset","P07","PROPOSED_CONTRACT_REVIEW_REQUIRED",""
"FOS-ASSET-009","Service History","asset","P09","PROPOSED_CONTRACT_REVIEW_REQUIRED",""
"FOS-ASSET-010","Asset Documents","asset","P11","PROPOSED_CONTRACT_REVIEW_REQUIRED",""
"FOS-ASSET-011","Asset Photo Gallery","asset","P06","PROPOSED_CONTRACT_REVIEW_REQUIRED",""
"FOS-ASSET-012","Asset Report","asset","P10","PROPOSED_CONTRACT_REVIEW_REQUIRED",""
"FOS-FIN-001","Finance Dashboard","fin","P04","PROPOSED_CONTRACT_REVIEW_REQUIRED","feature/ops/src/main/kotlin/com/farmos/feature/ops/FinanceExperienceScreen.kt"
"FOS-FIN-002","Transactions","fin","P05","PROPOSED_CONTRACT_REVIEW_REQUIRED","feature/ops/src/main/kotlin/com/farmos/feature/ops/FinanceExperienceScreen.kt"
"FOS-FIN-003","Transaction Detail","fin","P06","PROPOSED_CONTRACT_REVIEW_REQUIRED",""
"FOS-FIN-004","Record Income","fin","P07","PROPOSED_CONTRACT_REVIEW_REQUIRED","feature/ops/src/main/kotlin/com/farmos/feature/ops/FinanceExperienceScreen.kt"
"FOS-FIN-005","Record Expense","fin","P07","PROPOSED_CONTRACT_REVIEW_REQUIRED","feature/ops/src/main/kotlin/com/farmos/feature/ops/FinanceExperienceScreen.kt"
"FOS-FIN-006","Enterprise Profitability","fin","P10","PROPOSED_CONTRACT_REVIEW_REQUIRED",""
"FOS-FIN-007","Species Cost","fin","P10","PROPOSED_CONTRACT_REVIEW_REQUIRED",""
"FOS-FIN-008","Activity Cost","fin","P10","PROPOSED_CONTRACT_REVIEW_REQUIRED",""
"FOS-FIN-009","Cash Flow","fin","P10","PROPOSED_CONTRACT_REVIEW_REQUIRED",""
"FOS-FIN-010","Budget","fin","P08","PROPOSED_CONTRACT_REVIEW_REQUIRED",""
"FOS-FIN-011","Variance","fin","P10","PROPOSED_CONTRACT_REVIEW_REQUIRED",""
"FOS-FIN-012","Finance Report","fin","P10","PROPOSED_CONTRACT_REVIEW_REQUIRED",""
"FOS-FIN-013","Export","fin","P13","PROPOSED_CONTRACT_REVIEW_REQUIRED",""
"FOS-SALES-001","Sales Dashboard","sales","P04","PROPOSED_CONTRACT_REVIEW_REQUIRED",""
"FOS-SALES-002","Customer List","sales","P05","PROPOSED_CONTRACT_REVIEW_REQUIRED",""
"FOS-SALES-003","Customer Detail","sales","P06","PROPOSED_CONTRACT_REVIEW_REQUIRED",""
"FOS-SALES-004","Sales Orders","sales","P05","PROPOSED_CONTRACT_REVIEW_REQUIRED",""
"FOS-SALES-005","Sale Detail","sales","P06","PROPOSED_CONTRACT_REVIEW_REQUIRED",""
"FOS-SALES-006","Create Sale","sales","P07","PROPOSED_CONTRACT_REVIEW_REQUIRED",""
"FOS-SALES-007","Animal Sale","sales","P07","PROPOSED_CONTRACT_REVIEW_REQUIRED",""
"FOS-SALES-008","Produce Sale","sales","P07","PROPOSED_CONTRACT_REVIEW_REQUIRED",""
"FOS-SALES-009","Rabbit Reservation Sale","sales","P07","PROPOSED_CONTRACT_REVIEW_REQUIRED",""
"FOS-SALES-010","Delivery or Collection","sales","P07","PROPOSED_CONTRACT_REVIEW_REQUIRED",""
"FOS-SALES-011","Sales History","sales","P09","PROPOSED_CONTRACT_REVIEW_REQUIRED",""
"FOS-SALES-012","Sales Report","sales","P10","PROPOSED_CONTRACT_REVIEW_REQUIRED",""
"FOS-PROC-001","Procurement Dashboard","proc","P04","PROPOSED_CONTRACT_REVIEW_REQUIRED",""
"FOS-PROC-002","Supplier List","proc","P05","PROPOSED_CONTRACT_REVIEW_REQUIRED",""
"FOS-PROC-003","Supplier Detail","proc","P06","PROPOSED_CONTRACT_REVIEW_REQUIRED",""
"FOS-PROC-004","Purchase Orders","proc","P05","PROPOSED_CONTRACT_REVIEW_REQUIRED",""
"FOS-PROC-005","Purchase Detail","proc","P06","PROPOSED_CONTRACT_REVIEW_REQUIRED",""
"FOS-PROC-006","Create Purchase","proc","P07","PROPOSED_CONTRACT_REVIEW_REQUIRED",""
"FOS-PROC-007","Receive Purchase","proc","P07","PROPOSED_CONTRACT_REVIEW_REQUIRED",""
"FOS-PROC-008","Purchase to Inventory","proc","P07","PROPOSED_CONTRACT_REVIEW_REQUIRED",""
"FOS-PROC-009","Procurement History","proc","P09","PROPOSED_CONTRACT_REVIEW_REQUIRED",""
"FOS-PROC-010","Procurement Report","proc","P10","PROPOSED_CONTRACT_REVIEW_REQUIRED",""
"FOS-CAP-001","Capacity Dashboard","cap","P04","PROPOSED_CONTRACT_REVIEW_REQUIRED",""
"FOS-CAP-002","Housing Capacity","cap","P10","PROPOSED_CONTRACT_REVIEW_REQUIRED",""
"FOS-CAP-003","Stocking Pressure","cap","P10","PROPOSED_CONTRACT_REVIEW_REQUIRED",""
"FOS-CAP-004","Cage Capacity","cap","P10","PROPOSED_CONTRACT_REVIEW_REQUIRED",""
"FOS-CAP-005","Poultry House Capacity","cap","P10","PROPOSED_CONTRACT_REVIEW_REQUIRED",""
"FOS-CAP-006","Paddock Capacity","cap","P10","PROPOSED_CONTRACT_REVIEW_REQUIRED",""
"FOS-CAP-007","Feed Capacity","cap","P10","PROPOSED_CONTRACT_REVIEW_REQUIRED",""
"FOS-CAP-008","Water Capacity","cap","P10","PROPOSED_CONTRACT_REVIEW_REQUIRED",""
"FOS-CAP-009","Capacity Forecast","cap","P10","PROPOSED_CONTRACT_REVIEW_REQUIRED",""
"FOS-CAP-010","Capacity Alert","cap","P12","PROPOSED_CONTRACT_REVIEW_REQUIRED",""
"FOS-GEN-001","Genetics Dashboard","gen","P04","PROPOSED_CONTRACT_REVIEW_REQUIRED",""
"FOS-GEN-002","Pedigree Explorer","gen","P10","PROPOSED_CONTRACT_REVIEW_REQUIRED",""
"FOS-GEN-003","Parentage Record","gen","P07","PROPOSED_CONTRACT_REVIEW_REQUIRED",""
"FOS-GEN-004","Parentage Verification","gen","P12","PROPOSED_CONTRACT_REVIEW_REQUIRED",""
"FOS-GEN-005","Relationship Explorer","gen","P10","PROPOSED_CONTRACT_REVIEW_REQUIRED",""
"FOS-GEN-006","COI Analysis","gen","P10","PROPOSED_CONTRACT_REVIEW_REQUIRED",""
"FOS-GEN-007","Mate Comparison","gen","P10","PROPOSED_CONTRACT_REVIEW_REQUIRED",""
"FOS-GEN-008","Candidate Ranking","gen","P10","PROPOSED_CONTRACT_REVIEW_REQUIRED",""
"FOS-GEN-009","Genetic Warning","gen","P12","PROPOSED_CONTRACT_REVIEW_REQUIRED",""
"FOS-GEN-010","Genetics Report","gen","P10","PROPOSED_CONTRACT_REVIEW_REQUIRED",""
"FOS-AN-001","Farm Analytics","an","P10","PROPOSED_CONTRACT_REVIEW_REQUIRED",""
"FOS-AN-002","Species Performance","an","P10","PROPOSED_CONTRACT_REVIEW_REQUIRED",""
"FOS-AN-003","Reproduction Analytics","an","P10","PROPOSED_CONTRACT_REVIEW_REQUIRED",""
"FOS-AN-004","Growth Analytics","an","P10","PROPOSED_CONTRACT_REVIEW_REQUIRED",""
"FOS-AN-005","Mortality Analytics","an","P10","PROPOSED_CONTRACT_REVIEW_REQUIRED",""
"FOS-AN-006","Health Trends","an","P10","PROPOSED_CONTRACT_REVIEW_REQUIRED",""
"FOS-AN-007","Production Analytics","an","P10","PROPOSED_CONTRACT_REVIEW_REQUIRED",""
"FOS-AN-008","Feed Efficiency","an","P10","PROPOSED_CONTRACT_REVIEW_REQUIRED",""
"FOS-AN-009","Financial Performance","an","P10","PROPOSED_CONTRACT_REVIEW_REQUIRED",""
"FOS-AN-010","Benchmark or Compare","an","P10","PROPOSED_CONTRACT_REVIEW_REQUIRED",""
"FOS-AN-011","Anomaly Centre","an","P10","PROPOSED_CONTRACT_REVIEW_REQUIRED",""
"FOS-AN-012","Forecasts","an","P10","PROPOSED_CONTRACT_REVIEW_REQUIRED",""
"FOS-AN-013","Insight Detail","an","P06","PROPOSED_CONTRACT_REVIEW_REQUIRED",""
"FOS-AN-014","Evidence or Source Drilldown","an","P06","PROPOSED_CONTRACT_REVIEW_REQUIRED",""
"FOS-SIM-001","Simulation Hub","sim","P10","PROPOSED_CONTRACT_REVIEW_REQUIRED",""
"FOS-SIM-002","Herd Growth Scenario","sim","P10","PROPOSED_CONTRACT_REVIEW_REQUIRED",""
"FOS-SIM-003","Breeding Scenario","sim","P10","PROPOSED_CONTRACT_REVIEW_REQUIRED",""
"FOS-SIM-004","Feed Scenario","sim","P10","PROPOSED_CONTRACT_REVIEW_REQUIRED",""
"FOS-SIM-005","Capacity Scenario","sim","P10","PROPOSED_CONTRACT_REVIEW_REQUIRED",""
"FOS-SIM-006","Financial Scenario","sim","P10","PROPOSED_CONTRACT_REVIEW_REQUIRED",""
"FOS-SIM-007","Scenario Compare","sim","P10","PROPOSED_CONTRACT_REVIEW_REQUIRED",""
"FOS-SIM-008","Scenario Save","sim","P07","PROPOSED_CONTRACT_REVIEW_REQUIRED",""
"FOS-SIM-009","Scenario Report","sim","P10","PROPOSED_CONTRACT_REVIEW_REQUIRED",""
"FOS-SEARCH-001","Search Home","search","P13","PROPOSED_CONTRACT_REVIEW_REQUIRED",""
"FOS-SEARCH-002","Search Results","search","P13","PROPOSED_CONTRACT_REVIEW_REQUIRED",""
"FOS-SEARCH-003","Filter Sheet","search","P13","PROPOSED_CONTRACT_REVIEW_REQUIRED",""
"FOS-SEARCH-004","No Results","search","P13","PROPOSED_CONTRACT_REVIEW_REQUIRED",""
"FOS-SEARCH-005","Offline Local Search","search","P13","PROPOSED_CONTRACT_REVIEW_REQUIRED",""
"FOS-SEARCH-006","Server Search Unavailable","search","P13","PROPOSED_CONTRACT_REVIEW_REQUIRED",""
"FOS-SEARCH-007","RFID Result","search","P13","PROPOSED_CONTRACT_REVIEW_REQUIRED",""
"FOS-SEARCH-008","QR or Barcode Result","search","P13","PROPOSED_CONTRACT_REVIEW_REQUIRED",""
"FOS-SEARCH-009","Recent Searches","search","P13","PROPOSED_CONTRACT_REVIEW_REQUIRED",""
"FOS-AI-001","Copilot Home","ai","P16","PROPOSED_CONTRACT_REVIEW_REQUIRED",""
"FOS-AI-002","Ask Farm OS","ai","P16","PROPOSED_CONTRACT_REVIEW_REQUIRED",""
"FOS-AI-003","Conversation","ai","P16","PROPOSED_CONTRACT_REVIEW_REQUIRED",""
"FOS-AI-004","Insight Detail","ai","P16","PROPOSED_CONTRACT_REVIEW_REQUIRED",""
"FOS-AI-005","Evidence or Sources","ai","P16","PROPOSED_CONTRACT_REVIEW_REQUIRED",""
"FOS-AI-006","Suggested Actions","ai","P16","PROPOSED_CONTRACT_REVIEW_REQUIRED",""
"FOS-AI-007","Action Review","ai","P12","PROPOSED_CONTRACT_REVIEW_REQUIRED",""
"FOS-AI-008","Anomaly Review","ai","P16","PROPOSED_CONTRACT_REVIEW_REQUIRED",""
"FOS-AI-009","Model Provider Settings","ai","P14","PROPOSED_CONTRACT_REVIEW_REQUIRED",""
"FOS-AI-010","API Key or Provider Connection","ai","P14","PROPOSED_CONTRACT_REVIEW_REQUIRED",""
"FOS-AI-011","AI Privacy and Controls","ai","P14","PROPOSED_CONTRACT_REVIEW_REQUIRED",""
"FOS-AI-012","AI Unavailable","ai","P15","PROPOSED_CONTRACT_REVIEW_REQUIRED",""
"FOS-REPORT-001","Reports Hub","report","P05","PROPOSED_CONTRACT_REVIEW_REQUIRED",""
"FOS-REPORT-002","Animal Report","report","P10","PROPOSED_CONTRACT_REVIEW_REQUIRED",""
"FOS-REPORT-003","Herd or Flock Report","report","P10","PROPOSED_CONTRACT_REVIEW_REQUIRED",""
"FOS-REPORT-004","Health Report","report","P10","PROPOSED_CONTRACT_REVIEW_REQUIRED",""
"FOS-REPORT-005","Production Report","report","P10","PROPOSED_CONTRACT_REVIEW_REQUIRED",""
"FOS-REPORT-006","Finance Report","report","P10","PROPOSED_CONTRACT_REVIEW_REQUIRED",""
"FOS-REPORT-007","Inventory Report","report","P10","PROPOSED_CONTRACT_REVIEW_REQUIRED",""
"FOS-REPORT-008","Breeding Report","report","P10","PROPOSED_CONTRACT_REVIEW_REQUIRED",""
"FOS-REPORT-009","Genetics Report","report","P10","PROPOSED_CONTRACT_REVIEW_REQUIRED",""
"FOS-REPORT-010","Operations Report","report","P10","PROPOSED_CONTRACT_REVIEW_REQUIRED",""
"FOS-REPORT-011","Export Sheet","report","P13","PROPOSED_CONTRACT_REVIEW_REQUIRED",""
"FOS-REPORT-012","Generated Documents","report","P11","PROPOSED_CONTRACT_REVIEW_REQUIRED",""
"FOS-REPORT-013","Document Viewer","report","P11","PROPOSED_CONTRACT_REVIEW_REQUIRED",""
"FOS-REPORT-014","Share or Print","report","P13","PROPOSED_CONTRACT_REVIEW_REQUIRED",""
"FOS-REPORT-015","Certificate Viewer","report","P11","PROPOSED_CONTRACT_REVIEW_REQUIRED",""
"FOS-ADMIN-001","Settings Home","admin","P14","PROPOSED_CONTRACT_REVIEW_REQUIRED",""
"FOS-ADMIN-002","Farm Profile","admin","P14","PROPOSED_CONTRACT_REVIEW_REQUIRED",""
"FOS-ADMIN-003","Members","admin","P14","PROPOSED_CONTRACT_REVIEW_REQUIRED",""
"FOS-ADMIN-004","Invite Member","admin","P14","PROPOSED_CONTRACT_REVIEW_REQUIRED",""
"FOS-ADMIN-005","Role Detail","admin","P14","PROPOSED_CONTRACT_REVIEW_REQUIRED",""
"FOS-ADMIN-006","Permissions","admin","P14","PROPOSED_CONTRACT_REVIEW_REQUIRED",""
"FOS-ADMIN-007","Species Configuration","admin","P14","PROPOSED_CONTRACT_REVIEW_REQUIRED",""
"FOS-ADMIN-008","Poultry Kinds","admin","P14","PROPOSED_CONTRACT_REVIEW_REQUIRED",""
"FOS-ADMIN-009","Locations","admin","P14","PROPOSED_CONTRACT_REVIEW_REQUIRED",""
"FOS-ADMIN-010","Units","admin","P14","PROPOSED_CONTRACT_REVIEW_REQUIRED",""
"FOS-ADMIN-011","Currency","admin","P14","PROPOSED_CONTRACT_REVIEW_REQUIRED",""
"FOS-ADMIN-012","Notifications","admin","P14","PROPOSED_CONTRACT_REVIEW_REQUIRED",""
"FOS-ADMIN-013","Offline or Sync Settings","admin","P14","PROPOSED_CONTRACT_REVIEW_REQUIRED",""
"FOS-ADMIN-014","Search Settings","admin","P14","PROPOSED_CONTRACT_REVIEW_REQUIRED",""
"FOS-ADMIN-015","Integrations","admin","P14","PROPOSED_CONTRACT_REVIEW_REQUIRED",""
"FOS-ADMIN-016","Hardware","admin","P14","PROPOSED_CONTRACT_REVIEW_REQUIRED",""
"FOS-ADMIN-017","BLE Devices","admin","P14","PROPOSED_CONTRACT_REVIEW_REQUIRED",""
"FOS-ADMIN-018","RFID Devices","admin","P14","PROPOSED_CONTRACT_REVIEW_REQUIRED",""
"FOS-ADMIN-019","Model API","admin","P14","PROPOSED_CONTRACT_REVIEW_REQUIRED",""
"FOS-ADMIN-020","Security","admin","P14","PROPOSED_CONTRACT_REVIEW_REQUIRED",""
"FOS-ADMIN-021","Session or Devices","admin","P14","PROPOSED_CONTRACT_REVIEW_REQUIRED",""
"FOS-ADMIN-022","Data Export","admin","P14","PROPOSED_CONTRACT_REVIEW_REQUIRED",""
"FOS-ADMIN-023","Backup or Restore Status","admin","P14","PROPOSED_CONTRACT_REVIEW_REQUIRED",""
"FOS-ADMIN-024","Audit Log","admin","P09","PROPOSED_CONTRACT_REVIEW_REQUIRED",""
"FOS-ADMIN-025","About or Version","admin","P14","PROPOSED_CONTRACT_REVIEW_REQUIRED",""
"FOS-SYNC-001","Offline Banner","sync","P15","PROPOSED_CONTRACT_REVIEW_REQUIRED",""
"FOS-SYNC-002","Sync Status","sync","P15","PROPOSED_CONTRACT_REVIEW_REQUIRED","feature/goat/src/main/kotlin/com/farmos/feature/goat/GoatCaptureScreens.kt"
"FOS-SYNC-003","Pending Changes","sync","P15","PROPOSED_CONTRACT_REVIEW_REQUIRED","feature/goat/src/main/kotlin/com/farmos/feature/goat/GoatCaptureScreens.kt"
"FOS-SYNC-004","In-Flight","sync","P15","PROPOSED_CONTRACT_REVIEW_REQUIRED",""
"FOS-SYNC-005","Retry Waiting","sync","P15","PROPOSED_CONTRACT_REVIEW_REQUIRED",""
"FOS-SYNC-006","Conflict Centre","sync","P15","PROPOSED_CONTRACT_REVIEW_REQUIRED",""
"FOS-SYNC-007","Conflict Detail","sync","P15","PROPOSED_CONTRACT_REVIEW_REQUIRED",""
"FOS-SYNC-008","Rejected Mutation","sync","P15","PROPOSED_CONTRACT_REVIEW_REQUIRED",""
"FOS-SYNC-009","Dead Letter","sync","P15","PROPOSED_CONTRACT_REVIEW_REQUIRED",""
"FOS-SYNC-010","Auth Required","sync","P15","PROPOSED_CONTRACT_REVIEW_REQUIRED",""
"FOS-SYNC-011","Farm Access Revoked","sync","P15","PROPOSED_CONTRACT_REVIEW_REQUIRED",""
"FOS-SYNC-012","Backend Outage","sync","P15","PROPOSED_CONTRACT_REVIEW_REQUIRED",""
"FOS-SYNC-013","Search Outage","sync","P15","PROPOSED_CONTRACT_REVIEW_REQUIRED",""
"FOS-SYNC-014","Local Data Safe Confirmation","sync","P15","PROPOSED_CONTRACT_REVIEW_REQUIRED",""
"FOS-SYNC-015","Manual Sync","sync","P15","PROPOSED_CONTRACT_REVIEW_REQUIRED",""
"FOS-SYNC-016","Last Successful Sync","sync","P15","PROPOSED_CONTRACT_REVIEW_REQUIRED",""
"FOS-SYNC-017","Reconciliation Detail","sync","P15","PROPOSED_CONTRACT_REVIEW_REQUIRED",""
"FOS-SYNC-018","Mutation Trace","sync","P15","PROPOSED_CONTRACT_REVIEW_REQUIRED",""
"FOS-ATOM-001","Date Picker","atom","P13","PROPOSED_CONTRACT_REVIEW_REQUIRED",""
"FOS-ATOM-002","Time Picker","atom","P13","PROPOSED_CONTRACT_REVIEW_REQUIRED",""
"FOS-ATOM-003","Species Selector","atom","P13","PROPOSED_CONTRACT_REVIEW_REQUIRED",""
"FOS-ATOM-004","Animal Selector","atom","P13","PROPOSED_CONTRACT_REVIEW_REQUIRED",""
"FOS-ATOM-005","Group Selector","atom","P13","PROPOSED_CONTRACT_REVIEW_REQUIRED",""
"FOS-ATOM-006","Farm Selector","atom","P13","PROPOSED_CONTRACT_REVIEW_REQUIRED",""
"FOS-ATOM-007","Location Selector","atom","P13","PROPOSED_CONTRACT_REVIEW_REQUIRED",""
"FOS-ATOM-008","Sire or Dam Selector","atom","P13","PROPOSED_CONTRACT_REVIEW_REQUIRED",""
"FOS-ATOM-009","Inventory Item Selector","atom","P13","PROPOSED_CONTRACT_REVIEW_REQUIRED",""
"FOS-ATOM-010","Lot Selector","atom","P13","PROPOSED_CONTRACT_REVIEW_REQUIRED",""
"FOS-ATOM-011","Supplier Selector","atom","P13","PROPOSED_CONTRACT_REVIEW_REQUIRED",""
"FOS-ATOM-012","Customer Selector","atom","P13","PROPOSED_CONTRACT_REVIEW_REQUIRED",""
"FOS-ATOM-013","Worker Selector","atom","P13","PROPOSED_CONTRACT_REVIEW_REQUIRED",""
"FOS-ATOM-014","Asset Selector","atom","P13","PROPOSED_CONTRACT_REVIEW_REQUIRED",""
"FOS-ATOM-015","Photo Capture","atom","P13","PROPOSED_CONTRACT_REVIEW_REQUIRED",""
"FOS-ATOM-016","Attachment Picker","atom","P13","PROPOSED_CONTRACT_REVIEW_REQUIRED",""
"FOS-ATOM-017","Document Picker","atom","P13","PROPOSED_CONTRACT_REVIEW_REQUIRED",""
"FOS-ATOM-018","QR or Barcode Scanner","atom","P13","PROPOSED_CONTRACT_REVIEW_REQUIRED",""
"FOS-ATOM-019","RFID Scanner","atom","P13","PROPOSED_CONTRACT_REVIEW_REQUIRED",""
"FOS-ATOM-020","BLE Device Picker","atom","P13","PROPOSED_CONTRACT_REVIEW_REQUIRED",""
"FOS-ATOM-021","Filter Sheet","atom","P13","PROPOSED_CONTRACT_REVIEW_REQUIRED",""
"FOS-ATOM-022","Sort Sheet","atom","P13","PROPOSED_CONTRACT_REVIEW_REQUIRED",""
"FOS-ATOM-023","Bulk Selection","atom","P13","PROPOSED_CONTRACT_REVIEW_REQUIRED",""
"FOS-ATOM-024","Bulk Action Sheet","atom","P13","PROPOSED_CONTRACT_REVIEW_REQUIRED",""
"FOS-ATOM-025","Delete Confirmation","atom","P12","PROPOSED_CONTRACT_REVIEW_REQUIRED",""
"FOS-ATOM-026","Irreversible Status Confirmation","atom","P12","PROPOSED_CONTRACT_REVIEW_REQUIRED",""
"FOS-ATOM-027","Conflict Resolution Sheet","atom","P12","PROPOSED_CONTRACT_REVIEW_REQUIRED",""
"FOS-ATOM-028","Permission Explanation","atom","P11","PROPOSED_CONTRACT_REVIEW_REQUIRED",""
"FOS-ATOM-029","Export Format","atom","P13","PROPOSED_CONTRACT_REVIEW_REQUIRED",""
"FOS-ATOM-030","Share Sheet","atom","P13","PROPOSED_CONTRACT_REVIEW_REQUIRED",""
"FOS-ATOM-031","Search Empty State","atom","P13","PROPOSED_CONTRACT_REVIEW_REQUIRED",""
"FOS-ATOM-032","Loading Skeleton","atom","P15","PROPOSED_CONTRACT_REVIEW_REQUIRED",""
"FOS-ATOM-033","Error Recovery","atom","P15","PROPOSED_CONTRACT_REVIEW_REQUIRED",""
"FOS-ATOM-034","Offline Save Receipt","atom","P15","PROPOSED_CONTRACT_REVIEW_REQUIRED",""
"FOS-ATOM-035","Sync Pending Receipt","atom","P15","PROPOSED_CONTRACT_REVIEW_REQUIRED",""
